,text,lang,id,created_at,author_id
0,"HEY DEV, TAKE THIS SURVEY &amp; WIN A MACBOOK
https://t.co/RLKrSgjmK0

#BigData #Analytics #DataScience #instagramdown  #Python #room419 #TensorFlow #JavaScript #ReactJS #GoLang #BreakingNews #btc #cryptocurrecy #Linux #Programming #Coding #100DaysofCode #doggy #sabinus 
#30thOfJune https://t.co/apgFckC9np",en,1541506289850847232,2022-06-27T19:38:33.000Z,822467311361818625
1,"Grade A+ assured in any timed paper
#Fall semester
#Paywrite
#javascript
#Onlineclass
#Philosophy
#Chemistry
#Literature
#Calculus1,2
#Biology
#Python
#Nursing
#psychology
#Essayhelp
#Essay
#Essaypay
#100DaysOfCode
dm @essay_writer1
WhatsApp +1 (256) 649-9989",en,1541506190378762240,2022-06-27T19:38:10.000Z,909688467541684224
2,"Speed up #Pandas in #Python with Modin. #BigData #Analytics #DataScience #AI #MachineLearning #IoT #IIoT #RStats #TensorFlow #Java #JavaScript #ReactJS #GoLang #CloudComputing #Serverless #DataScientist #Linux #Programming #Coding #100DaysofCode  
https://t.co/VU2Xzg2XpR https://t.co/oiRAyZNwMT",en,1541506166139850755,2022-06-27T19:38:04.000Z,4263007693
3,"HEY DEV, TAKE THIS SURVEY &amp; WIN A MACBOOK
https://t.co/RLKrSgjmK0

#BigData #Analytics #DataScience #instagramdown  #Python #room419 #TensorFlow #JavaScript #ReactJS #GoLang #BreakingNews #btc #cryptocurrecy #Linux #Programming #Coding #100DaysofCode #doggy #sabinus 
#30thOfJune https://t.co/oPbUQfjtgB",en,1541506162885017604,2022-06-27T19:38:03.000Z,822467311361818625
4,"How Much Math Do I Need in Data #Science? #BigData #Analytics #AI #MachineLearning #DataScience #IoT #IIoT #Python #RStats #TensorFlow #JavaScript #ReactJS #CloudComputing #Serverless #DataScientist #Linux #Mathematics #Programming #Coding #100DaysofCode 
https://t.co/ISVHjYYRmt https://t.co/u5qfG0DwuI",en,1541506160833986561,2022-06-27T19:38:03.000Z,4263007693
5,"#include&lt;#news
{@nityanandraibjp sir as per your directions Today i was submitted all the #evidence to get #CbiForShikha &amp; case transferred to @SCJudgments at @HMOIndia }

#JS #forex #javascript #bot #AI #CodeNewbie #women #flutter #nft #python #Web3 #cybersecurity #100DaysOfCode https://t.co/ULzbz7vQz4",en,1541505871338909697,2022-06-27T19:36:54.000Z,1413614842104012801
6,"Let experts handle your work 
#Excel
#Assignments 
#calculus 
#homework
#Paper pay
#Homeworkhelp 
#Onlineclass 
#essayhelp 
#essaypay 
#Essaydue 
#essaywrite 
#Essays 
#Javascript
#Python
#Programming
#CodeNewbies 
#100DaysOfCode
dm @essay_writer1 
WhatsApp +1 (256) 649-9989",en,1541505682679238657,2022-06-27T19:36:09.000Z,909688467541684224
7,"HEY DEV, TAKE THIS SURVEY &amp; WIN A MACBOOK
https://t.co/RLKrSgjmK0

#BigData #Analytics #DataScience #instagramdown  #Python #room419 #TensorFlow #JavaScript #ReactJS #GoLang #BreakingNews #btc #cryptocurrecy #Linux #Programming #Coding #100DaysofCode #doggy #sabinus 
#30thOfJune https://t.co/jYQxayxmKj",en,1541505618187517952,2022-06-27T19:35:53.000Z,822467311361818625
8,"HEY DEV, TAKE THIS SURVEY &amp; WIN A MACBOOK
https://t.co/RLKrSgjmK0

#BigData #Analytics #DataScience #instagramdown  #Python #room419 #TensorFlow #JavaScript #ReactJS #GoLang #BreakingNews #btc #cryptocurrecy #Linux #Programming #Coding #100DaysofCode #doggy #sabinus 
#30thOfJune https://t.co/hyZsVgwkkx",en,1541505497412603904,2022-06-27T19:35:25.000Z,822467311361818625
9,"We'll help you get excellent results in your;
#Philosophy
#Math
#Essays
#Research paper
#Assignment
#Econometrics
#Case study
#javascript 
#Nursing
#Poetry 
#Homework 
#python
#100DaysOfCode
#Onlineclass
Dm @essay_writer1 
WhatsApp +1 (256) 649-9989",en,1541505451547820033,2022-06-27T19:35:14.000Z,909688467541684224
10,"HEY DEV, TAKE THIS SURVEY &amp; WIN A MACBOOK
https://t.co/RLKrSgjmK0

#BigData #Analytics #DataScience #instagramdown  #Python #room419 #TensorFlow #JavaScript #ReactJS #GoLang #BreakingNews #btc #cryptocurrecy #Linux #Programming #Coding #100DaysofCode #doggy #sabinus 
#30thOfJune https://t.co/fCDmQEBFOj",en,1541505411030945794,2022-06-27T19:35:04.000Z,822467311361818625
11,#5G #100DaysOfCode #AI #Analytics #ArtificialIntelligence #CyberSecurity #Data #DataScience #LifeAtBooz #MachineLearning #ML #OpenSource #Python #Serverless #WomenWhoCode https://t.co/OvTXUpATLi https://t.co/AKJir5cUy8,qme,1541505344098017281,2022-06-27T19:34:48.000Z,967382282402254848
12,"HEY DEV, TAKE THIS SURVEY &amp; WIN A MACBOOK
https://t.co/RLKrSgjmK0

#BigData #Analytics #DataScience #instagramdown  #Python #room419 #TensorFlow #JavaScript #ReactJS #GoLang #BreakingNews #btc #cryptocurrecy #Linux #Programming #Coding #100DaysofCode #doggy #sabinus 
#30thOfJune https://t.co/iXvEq9Q8ge",en,1541505326087905283,2022-06-27T19:34:44.000Z,822467311361818625
13,"#Healthcare Updates by Dr. Kevin Vigilante, @BoozAllen EVP and Chief Medical Officer #5G #100DaysOfCode #AI #Analytics #ArtificialIntelligence #CyberSecurity #Data #DataScience #LifeAtBooz #MachineLearning #ML #OpenSource #Python #Serverless #WomenWhoCode https://t.co/Yj2k7zwLpo https://t.co/jDoUkZlrax",en,1541505296203337728,2022-06-27T19:34:37.000Z,1109544277196054533
14,"HEY DEV, TAKE THIS SURVEY &amp; WIN A MACBOOK
https://t.co/RLKrSgjmK0

#BigData #Analytics #DataScience #instagramdown  #Python #room419 #TensorFlow #JavaScript #ReactJS #GoLang #BreakingNews #btc #cryptocurrecy #Linux #Programming #Coding #100DaysofCode #doggy #sabinus 
#30thOfJune https://t.co/eLX4QJjASa",en,1541505233561477127,2022-06-27T19:34:22.000Z,822467311361818625
15,"Cheat-Sheets for #AI, Neural Networks, #MachineLearning, Deep Learning. #BigData #Analytics #DataScience #IoT #IIoT #Python #RStats #TensorFlow #JavaScript #ReactJS #CloudComputing #Serverless #DataScientist #Linux #Programming #Coding #100DaysofCode
https://t.co/YVUre3uBYi https://t.co/33HF4R8kkY",en,1541505161100726273,2022-06-27T19:34:04.000Z,4263007693
16,"HEY DEV, TAKE THIS SURVEY &amp; WIN A MACBOOK
https://t.co/RLKrSgjmK0

#BigData #Analytics #DataScience #instagramdown  #Python #room419 #TensorFlow #JavaScript #ReactJS #GoLang #BreakingNews #btc #cryptocurrecy #Linux #Programming #Coding #100DaysofCode #doggy #sabinus 
#30thOfJune https://t.co/DPpyaJdXnp",en,1541505134814969856,2022-06-27T19:33:58.000Z,822467311361818625
17,"HEY DEV, TAKE THIS SURVEY &amp; WIN A MACBOOK
https://t.co/RLKrSgjmK0

#BigData #Analytics #DataScience #instagramdown  #Python #room419 #TensorFlow #JavaScript #ReactJS #GoLang #BreakingNews #btc #cryptocurrecy #Linux #Programming #Coding #100DaysofCode #doggy #sabinus 
#30thOfJune https://t.co/uTryc7qhhp",en,1541505015948492800,2022-06-27T19:33:30.000Z,822467311361818625
18,"HEY DEV, TAKE THIS SURVEY &amp; WIN A MACBOOK
https://t.co/RLKrSgjmK0

#BigData #Analytics #DataScience #instagramdown  #Python #room419 #TensorFlow #JavaScript #ReactJS #GoLang #BreakingNews #btc #cryptocurrecy #Linux #Programming #Coding #100DaysofCode #doggy #sabinus 
#30thOfJune https://t.co/0lpFHd2xUH",en,1541504885945995265,2022-06-27T19:32:59.000Z,822467311361818625
19,#Career: Data Science Roles at @BoozAllen in Virgina! #5G #100DaysOfCode #AI #Analytics #ArtificialIntelligence #CyberSecurity #Data #DataScience #LifeAtBooz #MachineLearning #ML #OpenSource #Python #Serverless #WomenWhoCode @Strat_AI https://t.co/Gc6Izeo82V https://t.co/KYEqr2AjZ6,en,1541504854631206912,2022-06-27T19:32:51.000Z,1109544277196054533
20,#Career: Data Science Roles at @BoozAllen in Virgina! #5G #100DaysOfCode #AI #Analytics #ArtificialIntelligence #CyberSecurity #Data #DataScience #LifeAtBooz #MachineLearning #ML #OpenSource #Python #Serverless #WomenWhoCode @AI_Miami https://t.co/AUoAHewJHV https://t.co/WECZ5dMkfz,en,1541504757591773184,2022-06-27T19:32:28.000Z,967382282402254848
21,"HEY DEV, TAKE THIS SURVEY &amp; WIN A MACBOOK
https://t.co/RLKrSgjmK0

#BigData #Analytics #DataScience #instagramdown  #Python #room419 #TensorFlow #JavaScript #ReactJS #GoLang #BreakingNews #btc #cryptocurrecy #Linux #Programming #Coding #100DaysofCode #doggy #sabinus 
#30thOfJune https://t.co/dK132hEtnq",en,1541504757180817408,2022-06-27T19:32:28.000Z,822467311361818625
22,"HEY DEV, TAKE THIS SURVEY &amp; WIN A MACBOOK
https://t.co/RLKrSgjmK0

#BigData #Analytics #DataScience #instagramdown  #Python #room419 #TensorFlow #JavaScript #ReactJS #GoLang #BreakingNews #btc #cryptocurrecy #Linux #Programming #Coding #100DaysofCode #doggy #sabinus 
#30thOfJune https://t.co/OaS2Fim5Rx",en,1541504635894206465,2022-06-27T19:31:59.000Z,822467311361818625
23,"HEY DEV, TAKE THIS SURVEY &amp; WIN A MACBOOK
https://t.co/RLKrSgjmK0

#BigData #Analytics #DataScience #instagramdown  #Python #room419 #TensorFlow #JavaScript #ReactJS #GoLang #BreakingNews #btc #cryptocurrecy #Linux #Programming #Coding #100DaysofCode #doggy #sabinus 
#30thOfJune https://t.co/ZFOjLAbVBW",en,1541504548560424961,2022-06-27T19:31:38.000Z,822467311361818625
24,"Day 175 of #365DaysOfCode 

Not really interested in app building but I will see what I can learn by following along!üêç

#womenwhocode #DataScience #Python #100daysofcodechallenge #100DaysOfCode #SQL https://t.co/we5VBzZQPm",en,1541504530147188736,2022-06-27T19:31:34.000Z,1414428806278877188
25,"HEY DEV, TAKE THIS SURVEY &amp; WIN A MACBOOK
https://t.co/RLKrSgjmK0

#BigData #Analytics #DataScience #instagramdown  #Python #room419 #TensorFlow #JavaScript #ReactJS #GoLang #BreakingNews #btc #cryptocurrecy #Linux #Programming #Coding #100DaysofCode #doggy #sabinus 
#30thOfJune https://t.co/29i2XHf1Tv",en,1541504463369797632,2022-06-27T19:31:18.000Z,822467311361818625
26,"üü£ Stream G√∂nnung etwas #VALORANT ;) https://t.co/5MewlvUZvO

#TwitchDE #tech #infosec #100DaysOfCode #womenintech #javascript #India #Python #nodejs #twitchde #indiedev #RetweeetPlease #twitch #Streamcaster  #Flutter #SocEnt #globalhealth #opensource",de,1541504249619701760,2022-06-27T19:30:27.000Z,1464751752373313539
27,Day 9 of #100DaysOfCode with python for ML,en,1541504199241764866,2022-06-27T19:30:15.000Z,718739232999751680
28,"Day 5: Arrgh! X marks the spot! üè¥‚Äç‚ò†Ô∏èü¶ú This little function shows you a 3x3 ""treasure map"", and lets you mark an X . Imagination required!

#100DaysOfCode #100daysofpython #python #programming #code #metric #100dev #appbrewery #webdev https://t.co/K8j9SRR8D8",en,1541504142660620288,2022-06-27T19:30:02.000Z,1398406010
29,"#weed #beuh #shitüî•dispo 
üçÉSnapüëªdiablo_verte
üìûT√©l√©gram:https://t.co/JXaAMGUVRc
#AIEthics #MachineLearning #Python #DeepLearning #IoT #100DaysOfCode #fintech #RoissyenBrie #GrandeSynthe #Frontignan #V√©lizyVillacoublay #H√©rouvilleSaintClair #Manosque #LeRobert #Loos https://t.co/HiztfxuZCb",fr,1541504109542531077,2022-06-27T19:29:54.000Z,1541401522407456771
30,"Pay us to do or write your 
#Excel
#Assignments 
#calculus 
#homework
#Paper pay
#Homeworkhelp 
#summerclasses 
#Onlineclass 
#essayhelp 
#essaypay 
#Essay
#Javascript
#Python
#Programming
#CodeNewbies 
#100DaysOfCode 
dm 
@TutorsStates",en,1541503923374247943,2022-06-27T19:29:09.000Z,1524607240279318529
31,"Guaranteed A+ grade in;
Project
Math
Essay due
Pay write
English
Paper pay
Case study
Quiz
Do my homework
Online classes
Python..
Philosophy 
Book review
Assignment due
#Pay someone write
#100DaysOfCode
#Javascripts 
DM 
@TutorsStates",en,1541503838749949953,2022-06-27T19:28:49.000Z,1524607240279318529
32,"Pay us to do or write your 
#Excel
#Tests 
#essayhelp 
#essaypay 
#Essay
#Javascript
#Python
#Programming
#CodeNewbies
#Assignments 
#calculus 
#homework
#Paper pay
#Homeworkhelp 
#summerclasses  
#100DaysOfCode 
dm 
@essay_writer14",en,1541503749914447873,2022-06-27T19:28:28.000Z,4821098536
33,"Need assignment help?
#Paper pay 
#python 
#Math
#essaywrite
#Essayhelp
#Casestudy
#javascript
#Homework
#Philosophy
#Onlineclass
#Essaypay
#Econometrics
#WomenWhoCode 
#Assignmentdue
#essayhelp
#College
#100DaysOfCode
#NodeJS
hmu @essay_writer14",en,1541503746076721155,2022-06-27T19:28:27.000Z,4821098536
34,"Hire us to secure you A's in your 

#Essays
#English
#Chemistry
#Project
#Finance
#finals
#Biology
#Labreports
#Nursing 
#Algebra
#Statistics
#Pay someone
#javascript
#Python
#essaydue
#Math
#100DaysOfCode
#Tests
#history

DM us 
@essay_writer14",en,1541503734144012289,2022-06-27T19:28:24.000Z,4821098536
35,"Hire us and get excellent grades. Discount allowed
research paper
#javascript
Nursing
#psychology
Biology
#Essay 
#Mathlab 
#Python  
#javascript 
Poem analysis
#Onlineclass 
#Philosophy 
Book review
Proposal
#100DaysOfCode
#Calculus
Dm
@essay_writer14",en,1541503726208393216,2022-06-27T19:28:22.000Z,4821098536
36,"Place your orders now for the best grades in your 
#Math  
#English
#Chem
#Biology
#essaypay
#Religion
#history 
#python 
#essays 
#programming 
#statistics
#100DaysOfCode
#NodeJS
#Econometrics

dm @essay_writer14",en,1541503725877035011,2022-06-27T19:28:22.000Z,4821098536
37,"Guaranteed A+ grade in;
Project
Math
Essay due
Pay write
English
Paper pay
Case study
Quiz
Do my homework
Online classes
Python..
Philosophy 
Book review
Assignment due
#Pay someone write
#100DaysOfCode
#Javascripts 
DM 
@essay_writer14",en,1541503720369917952,2022-06-27T19:28:21.000Z,4821098536
38,"Pay us to do or write your 
#Excel
#Assignments 
#calculus 
#homework
#Paper pay
#Homeworkhelp 
#summerclasses 
#Onlineclass 
#essayhelp 
#essaypay 
#Essay
#Javascript
#Python
#Programming
#CodeNewbies 
#100DaysOfCode 
dm 
@essay_writer14",en,1541503719434588160,2022-06-27T19:28:21.000Z,4821098536
39,"Grade A+ assured in any timed paper
#Fall semester
#Paywrite
#javascript
#Literature review
#Philosophy
#Chemistry
#Literature
#Calculus
#Biology
#Python
#Nursing
#psychology
#Essayhelp
#Essay
#Essaypay
#100DaysOfCode
dm 
@essay_writer14",en,1541503705303990272,2022-06-27T19:28:17.000Z,4821098536
40,"#weed #beuh #shitüî•dispo 
üçÉSnapüëªdiablo_verte
üìûT√©l√©gram:https://t.co/JXaAMGUVRc
#AIEthics #MachineLearning #Python #DeepLearning #IoT #100DaysOfCode #fintech #MaisonsLaffitte #Rochefort #Beaupr√©auenMauges #LesLilas #SaintDizier #S√®vres #Lormont #Lanester #Fontaine #Abbeville https://t.co/R0jCz36Ca4",fr,1541503602883280899,2022-06-27T19:27:53.000Z,1541401522407456771
41,"#weed #beuh #shitüî•dispo 
üçÉSnapüëªdiablo_verte
üìûT√©l√©gram:https://t.co/JXaAMGUVRc
#AIEthics #MachineLearning #Python #DeepLearning #IoT #100DaysOfCode #fintech #VilleneuvelaGarenne #LesPavillonssousBois #LeBouscat #Orly #LaValetteduVar #Vernon #Montgeron #Dole #SainteAnne https://t.co/DEDgxrOB91",fr,1541503469999251456,2022-06-27T19:27:21.000Z,1541401522407456771
42,"HEY DEV, TAKE THIS SURVEY &amp; WIN $1000
https://t.co/RLKrSgjmK0

#BigData #Analytics #DataScience #instagramdown  #Python #room419  #TensorFlow #JavaScript #ReactJS #GoLang #BreakingNews #btc #cryptocurrecy #Linux #Programming #Coding #100DaysofCode #doggy #sabinus 
#30thOfJune https://t.co/7msjhUTEmY",en,1541502979316097026,2022-06-27T19:25:24.000Z,822467311361818625
43,"HEY DEV, TAKE THIS SURVEY &amp; WIN $1000
https://t.co/RLKrSgjmK0

#BigData #Analytics #DataScience #instagramdown  #Python #room419  #TensorFlow #JavaScript #ReactJS #GoLang #BreakingNews #btc #cryptocurrecy #Linux #Programming #Coding #100DaysofCode #doggy #sabinus 
#30thOfJune https://t.co/diA4MD5R33",en,1541502906628710402,2022-06-27T19:25:07.000Z,822467311361818625
44,"For quality assignment help
DM us:
Thesis
Research
Essays
Exams
Homework
Biology
Chemistry
English
Ecology
Anatomy
#MachineLearning  #DataScience #5G #100DaysOfCode
#Python #Cybersecurity #BigData #AI #IoT #DeepLearning
#ArtificialIntelligence
 #NLP #robots  #javascript https://t.co/1eOfUYGH4x",en,1541502881827889153,2022-06-27T19:25:01.000Z,1372460665609322498
45,"HEY DEV, TAKE THIS SURVEY &amp; WIN $1000
https://t.co/RLKrSgjmK0

#BigData #Analytics #DataScience #instagramdown  #Python #room419  #TensorFlow #JavaScript #ReactJS #GoLang #BreakingNews #btc #cryptocurrecy #Linux #Programming #Coding #100DaysofCode #doggy #sabinus 
#30thOfJune https://t.co/2xNZKptG73",en,1541502832846716928,2022-06-27T19:24:49.000Z,822467311361818625
46,"HEY DEV, TAKE THIS SURVEY &amp; WIN $1000
https://t.co/RLKrSgjmK0

#BigData #Analytics #DataScience #instagramdown  #Python #room419  #TensorFlow #JavaScript #ReactJS #GoLang #BreakingNews #btc #cryptocurrecy #Linux #Programming #Coding #100DaysofCode #doggy #sabinus 
#30thOfJune https://t.co/Wyc0Tb0lJH",en,1541502754765651969,2022-06-27T19:24:31.000Z,822467311361818625
47,"HEY DEV, TAKE THIS SURVEY &amp; WIN $1000
https://t.co/RLKrSgjmK0

#BigData #Analytics #DataScience #instagramdown  #Python #room419  #TensorFlow #JavaScript #ReactJS #GoLang #BreakingNews #btc #cryptocurrecy #Linux #Programming #Coding #100DaysofCode #doggy #sabinus 
#30thOfJune https://t.co/atUsJESyLs",en,1541502671496118273,2022-06-27T19:24:11.000Z,822467311361818625
48,"HEY DEV, TAKE THIS SURVEY &amp; WIN $1000
https://t.co/RLKrSgjmK0

#BigData #Analytics #DataScience #instagramdown  #Python #room419  #TensorFlow #JavaScript #ReactJS #GoLang #BreakingNews #btc #cryptocurrecy #Linux #Programming #Coding #100DaysofCode #doggy #sabinus 
#30thOfJune https://t.co/xXlIDI98DD",en,1541502583931551745,2022-06-27T19:23:50.000Z,822467311361818625
49,#Fresh #audio #music #studio #gear #review by Dark Corner Studios | #Retweet #AI #rtitbot '@BlazedRTs '@RexRTs '@sme_rt #php #react #python #nodejs #flutter #webdev #100daysofcode #sound #design #coding | #Follow '@FuturegrooveNET https://t.co/nsTGZ4vMtn,en,1541502540050825216,2022-06-27T19:23:39.000Z,1949360875
50,"HEY DEV, TAKE THIS SURVEY &amp; WIN $1000
https://t.co/RLKrSgjmK0

#BigData #Analytics #DataScience #instagramdown  #Python #room419  #TensorFlow #JavaScript #ReactJS #GoLang #BreakingNews #btc #cryptocurrecy #Linux #Programming #Coding #100DaysofCode #doggy #sabinus 
#30thOfJune https://t.co/bJ57HE5VrV",en,1541502499881979909,2022-06-27T19:23:30.000Z,822467311361818625
51,"Guaranteed A's in:
#Essays
Exams
Sociology
Thesis
English
Assignment
Homework due
stats
Term paper
PHYSICS
Chemistry
Project
History 
Onlineclass
Biology
Psychology

#AI
#WomenWhoCode
#100DaysOfCode
#javascript
#coding
#Analytics
#programming #DataScience
#Python
#Serverless https://t.co/tUvRxtg4Lo",en,1541502475903066116,2022-06-27T19:23:24.000Z,1372460665609322498
52,"HEY DEV, TAKE THIS SURVEY &amp; WIN $1000
https://t.co/RLKrSgjmK0

#BigData #Analytics #DataScience #instagramdown  #Python #room419  #TensorFlow #JavaScript #ReactJS #GoLang #BreakingNews #btc #cryptocurrecy #Linux #Programming #Coding #100DaysofCode #doggy #sabinus 
#30thOfJune https://t.co/71ryiTolkW",en,1541502437131010052,2022-06-27T19:23:15.000Z,822467311361818625
53,"Python Programming for Beginners: The #1 Python Programming Crash Course for Beginners to Learn Python Coding Well &amp; Fast

#introductory #ulsi #beginning #superconductivity #python #programming #vlsi #100daysofcode
https://t.co/TZb3kp93kZ",en,1541502406223183872,2022-06-27T19:23:08.000Z,1528856711725031425
54,"HEY DEV, TAKE THIS SURVEY &amp; WIN $1000
https://t.co/RLKrSgjmK0

#BigData #Analytics #DataScience #instagramdown  #Python #room419  #TensorFlow #JavaScript #ReactJS #GoLang #BreakingNews #btc #cryptocurrecy #Linux #Programming #Coding #100DaysofCode #doggy #sabinus 
#30thOfJune https://t.co/EU0DmXRoiS",en,1541502377466945536,2022-06-27T19:23:01.000Z,822467311361818625
55,"HEY DEV, TAKE THIS SURVEY &amp; WIN $1000
https://t.co/RLKrSgjmK0

#BigData #Analytics #DataScience #instagramdown  #Python #room419  #TensorFlow #JavaScript #ReactJS #GoLang #BreakingNews #btc #cryptocurrecy #Linux #Programming #Coding #100DaysofCode #doggy #sabinus 
#30thOfJune https://t.co/qmyjz0XxeG",en,1541502301965352964,2022-06-27T19:22:43.000Z,822467311361818625
56,"HEY DEV, TAKE THIS SURVEY &amp; WIN $1000
https://t.co/RLKrSgjmK0

#BigData #Analytics #DataScience #instagramdown  #Python #room419  #TensorFlow #JavaScript #ReactJS #GoLang #BreakingNews #btc #cryptocurrecy #Linux #Programming #Coding #100DaysofCode #doggy #sabinus 
#30thOfJune https://t.co/GnLO9lIY7P",en,1541502232834842626,2022-06-27T19:22:26.000Z,822467311361818625
57,"We're proficient in:-
~Exams
~finance
~Anatomy
~Chemistry
~Physics
~coding
~Maths
~Bio
~Powerpoint
~Assignment
~Homework
~Sociology
~Accounting
~Essay due
~Essay pay
~Economics
#100DaysOfCode
#WomenWhoCode
#NodeJS #IoT #Python
#javascript
 DM @Gregory_essays",en,1541502218075078658,2022-06-27T19:22:23.000Z,1520097689895120899
58,"HEY DEV, TAKE THIS SURVEY &amp; WIN $1000
https://t.co/RLKrSgjmK0

#BigData #Analytics #DataScience #instagramdown  #Python #room419  #TensorFlow #JavaScript #ReactJS #GoLang #BreakingNews #btc #cryptocurrecy #Linux #Programming #Coding #100DaysofCode #doggy #sabinus 
#30thOfJune https://t.co/9A4CvWaCwa",en,1541502155160518656,2022-06-27T19:22:08.000Z,822467311361818625
59,"HEY DEV, TAKE THIS SURVEY &amp; WIN $1000
https://t.co/RLKrSgjmK0

#BigData #Analytics #DataScience #instagramdown  #Python #room419  #TensorFlow #JavaScript #ReactJS #GoLang #BreakingNews #btc #cryptocurrecy #Linux #Programming #Coding #100DaysofCode #doggy #sabinus 
#30thOfJune https://t.co/9Am665dg3t",en,1541502092132638720,2022-06-27T19:21:53.000Z,822467311361818625
60,"We're proficient in:-
~Exams
~finance
~Anatomy
~Chemistry
~Physics
~coding
~Maths
~Bio
~Powerpoint
~Assignment
~Homework
~Sociology
~Accounting
~Essay due
~Essay pay
~Economics
#100DaysOfCode
#WomenWhoCode
#NodeJS #IoT #Python
#javascript
 DM @GriffWriters",en,1541502088236212225,2022-06-27T19:21:52.000Z,1521923584687542279
61,"HEY DEV, TAKE THIS SURVEY &amp; WIN $1000
https://t.co/RLKrSgjmK0

#BigData #Analytics #DataScience #instagramdown  #Python #room419  #TensorFlow #JavaScript #ReactJS #GoLang #BreakingNews #btc #cryptocurrecy #Linux #Programming #Coding #100DaysofCode #doggy #sabinus 
#30thOfJune https://t.co/w28RZtszit",en,1541502022024929281,2022-06-27T19:21:36.000Z,822467311361818625
62,"HEY DEV, TAKE THIS SURVEY &amp; WIN $1000
https://t.co/RLKrSgjmK0

#BigData #Analytics #DataScience #instagramdown  #Python #room419  #TensorFlow #JavaScript #ReactJS #GoLang #BreakingNews #btc #cryptocurrecy #Linux #Programming #Coding #100DaysofCode #doggy #sabinus 
#30thOfJune https://t.co/AzNFM0BpGW",en,1541501955046096898,2022-06-27T19:21:20.000Z,822467311361818625
63,"HEY DEV, TAKE THIS SURVEY &amp; WIN $1000
https://t.co/RLKrSgjmK0

#BigData #Analytics #DataScience #instagramdown  #Python #room419  #TensorFlow #JavaScript #ReactJS #GoLang #BreakingNews #btc #cryptocurrecy #Linux #Programming #Coding #100DaysofCode #doggy #sabinus 
#30thOfJune https://t.co/ImoLZJ2XZz",en,1541501896657084419,2022-06-27T19:21:06.000Z,822467311361818625
64,"Develop a developers mindset...

https://t.co/ALWzN8GXKQ

#ReactJS #javascript #100daysofcodechallenge #100DaysOfCode #Angular #programming #Web3 #Webdesign   #developers #expressjs #software #coding  #codinglife #developer #SoftwareEngineer #webdeveloper #php #Python https://t.co/qyCWaQ7Wqk",en,1541501839190941696,2022-06-27T19:20:52.000Z,1499880568183574534
65,"HEY DEV, TAKE THIS SURVEY &amp; WIN $1000
https://t.co/RLKrSgjmK0

#BigData #Analytics #DataScience #instagramdown  #Python #room419  #TensorFlow #JavaScript #ReactJS #GoLang #BreakingNews #btc #cryptocurrecy #Linux #Programming #Coding #100DaysofCode #doggy #sabinus 
#30thOfJune https://t.co/3yCmqQBzIU",en,1541501838234718208,2022-06-27T19:20:52.000Z,822467311361818625
66,"HEY DEV, TAKE THIS SURVEY &amp; WIN $1000
https://t.co/RLKrSgjmK0

#BigData #Analytics #DataScience #instagramdown  #Python #room419  #TensorFlow #JavaScript #ReactJS #GoLang #BreakingNews #btc #cryptocurrecy #Linux #Programming #Coding #100DaysofCode #doggy #sabinus 
#30thOfJune https://t.co/Yojlcvi51v",en,1541501766117752836,2022-06-27T19:20:35.000Z,822467311361818625
67,"HEY DEV, TAKE THIS SURVEY &amp; WIN $1000
https://t.co/RLKrSgjmK0

#BigData #Analytics #DataScience #instagramdown  #Python #room419  #TensorFlow #JavaScript #ReactJS #GoLang #BreakingNews #btc #cryptocurrecy #Linux #Programming #Coding #100DaysofCode #doggy #sabinus 
#30thOfJune https://t.co/qIs2zdbuB6",en,1541501702242705409,2022-06-27T19:20:20.000Z,822467311361818625
68,"HEY DEV, TAKE THIS SURVEY &amp; WIN $1000
https://t.co/RLKrSgjmK0

#BigData #Analytics #DataScience #instagramdown  #Python #room419  #TensorFlow #JavaScript #ReactJS #GoLang #BreakingNews #btc #cryptocurrecy #Linux #Programming #Coding #100DaysofCode #doggy #sabinus 
#30thOfJune https://t.co/wbBAt6je18",en,1541501629882671104,2022-06-27T19:20:02.000Z,822467311361818625
69,"At LISA HUB your Hacking solutions are
achieved. #womenintech 
#Russia #hacking
#MachineLearning #loT #lloT #PyTorch
#Python #Stats #TensorFlow #Java
#JavaScript #ReactS #CloudComputing
#Serverless #DataScientist #Linux #aliabhatt
#100DaysOfCode #Bitcoin",en,1541501478191435776,2022-06-27T19:19:26.000Z,1207315480161193984
70,"The Easy Way To Learn Programming Fundamentals With #Python. #BigData #Analytics #DataScience #IoT #IIoT #RStats #TensorFlow #Java #JavaScript #ReactJS #GoLang #CloudComputing #Serverless #DataScientist #Linux #Books #Programming #Coding #100DaysofCode 
https://t.co/DMEMiERtJI https://t.co/VvVGSwMJPn",en,1541501378706739201,2022-06-27T19:19:03.000Z,4263007693
71,"HEY DEV, TAKE THIS SURVEY &amp; WIN $1000
https://t.co/RLKrSgjmK0

#BigData #Analytics #DataScience #instagramdown  #ASUU #Python #room419  #TensorFlow #JavaScript #ReactJS #GoLang #BreakingNews #btc #cryptocurrecy #Linux #Programming #Coding #100DaysofCode #doggy #sabinus https://t.co/SHzb8cOtpu",en,1541501297987305473,2022-06-27T19:18:43.000Z,822467311361818625
72,"#Infographic: Skills for #DataScience
Via @ingliguori
#ArtificialIntelligence #AI #ML #MachineLearning #DataScientists #innovation #CodeNewbies #Tech #deeplearning #CyberSecurity #nocode #Python #Coding  #javascript #rstats #100DaysOfCode #programming #SQL #MLOps https://t.co/nv6M3ua3IW",en,1541501217570013192,2022-06-27T19:18:24.000Z,836510570
73,"Google Ads y Facebook Ads desde cero
üëá
https://t.co/fOE5dZGFBp

#creativecoding #coding #css #React #Javascript   #blender3d #python #Java #100DaysOfCode #gamedev #openSource #dataScience #CloudComputing #animation #cinema4d #ads #googleads #marketing
https://t.co/CQQkYhaCEI",es,1541501048166178816,2022-06-27T19:17:44.000Z,1541201301010251776
74,"Big curated list of awesome #Python frameworks, libraries, software and resources: https://t.co/thLP8dVYIp by @VintaChen
======
#BigData #DataScience #DataScientists #AI #MachineLearning #Coding #100DaysOfCode #DeepLearning #Algorithms #NLProc #ComputerVision #RecSys #DataViz",en,1541500925944242176,2022-06-27T19:17:15.000Z,534563976
75,Till proceeding with my #javascript #100daysofcode is not easy but am not relenting‚Ä¶. We must get through it #codenewbie #WomenWhoCode #python #programming #webdevelopmrnt #Html #css #Frontend #fullstack #webdev #machineLearning #DeepLearning #artificialintellegence #developer https://t.co/CohT8bicOu,en,1541500586310385664,2022-06-27T19:15:54.000Z,2501954146
76,"Day 38 - #100DaysOfCode 
Completed - Building Exercise Tracking Project with Python and Google Sheets. Feeling:üëç
#Python #programming #100daysofpython",en,1541500488629338129,2022-06-27T19:15:30.000Z,772116809017331712
77,"#FEATURED #COURSES
Complete #Python #Developer in 2022: Zero to Mastery
How to become a #Python3 Developer and get hired
Build 12+ projects
learn #Web #Development
#Machine #Learning + more
https://t.co/vRkg9EK8Sw
#CodeNewbies #100DaysOfCode #webdevelopment #WomenWhoCode #online https://t.co/XXxWmlNFLf",en,1541500417120649220,2022-06-27T19:15:13.000Z,134434122
78,"2D Animation in After Effects from scratch
üëá
https://t.co/UT9LUBXK52

#creativecoding #coding #css #React #Javascript #AfterEffects #blender3d #python #Java #100DaysOfCode #gamedev #openSource #dataScience #CloudComputing #animation #cinema4d https://t.co/W6ptdVJCMU",en,1541500042648948742,2022-06-27T19:13:44.000Z,1541201301010251776
79,"#100DaysOfCode Day:19
XLWings tutorial
#Python",en,1541499569548279811,2022-06-27T19:11:51.000Z,17193744
80,"Function for numerical differentiation #Python 
#pythonlearning #DataAnalytics #Python3 #databases #MachineLearning #DataScience #AI #databases #Deeplearning #BigData #Analytics #DataScientist #Programming #Coding #100DaysofCode #Data #pythoncode #interview #JobSearch https://t.co/D7pBs7thN2",en,1541499507208093696,2022-06-27T19:11:36.000Z,2588345408
81,"Day 43 of #100DaysofPython.  Started on Data Structures in #Python. Strings, working with strings, accesing strings. 

#100DaysOfCode #PythonLearning #100daysofcodechallenge",en,1541499465684615168,2022-06-27T19:11:26.000Z,2532332662
82,"Pascal‚Äôs Triangle in #Python

#pythonlearning #DataAnalytics #Python3 #databases #MachineLearning #DataScience #AI #databases #Deeplearning #BigData #Analytics #DataScientist #Programming #Coding #100DaysofCode #Data #pythoncode #interview #JobSearch #ArtificialIntelligence https://t.co/r70GvIAALw",en,1541499428971761664,2022-06-27T19:11:18.000Z,2588345408
83,"Pascal‚Äôs Triangle Using the Binomial Coefficient in #Python
#pythonlearning #DataAnalytics #Python3 #databases #MachineLearning #DataScience #AI #databases #Deeplearning #BigData #Analytics #DataScientist #Programming #Coding #100DaysofCode #Data #pythoncode #interview #JobSearch https://t.co/JWdwYD1u8D",en,1541499330204274688,2022-06-27T19:10:54.000Z,2588345408
84,"Print Pascal‚Äôs Triangle by Computing the Power of 11 in #Python

#pythonlearning #DataAnalytics #Python3 #databases #MachineLearning #DataScience #AI #databases #Deeplearning #BigData #Analytics #DataScientist #Programming #100DaysofCode #Data #pythoncode #interview #JobSearch https://t.co/iFiIsn2EyO",en,1541499205482532864,2022-06-27T19:10:24.000Z,2588345408
85,"""The important thing is not to stop questioning. Curiosity has its own reason for existing.""- Albert Einstein #softwareengineer #javascript #python #C++ #golang #nodejs #reactjs #stockopertor #highgrowthstocks $SPX $QQQ $RUT $VIX #canslim #100DaysOfCode",en,1541499145537601537,2022-06-27T19:10:10.000Z,1243665419501744133
86,"The #DataScience Lifecycle! üì∂

#Python #pythonlearning #DataAnalytics #Python3 #databases #MachineLearning #AI #databases #Deeplearning #BigData #Analytics #DataScientist #Programming #Coding #100DaysofCode #Data #pythoncode #interview #JobSearch #ArtificialIntelligence https://t.co/4mkjHDlphY",en,1541499112146620422,2022-06-27T19:10:02.000Z,2588345408
87,"Mark Zuckerberg s'int√©resse plus au m√©tavers qu'√† la lutte contre la d√©sinformation
https://t.co/ErhCmY1AIr

#cryptocurrencies #MachineLearning #AI #Python #DeepLearning #100DaysOfCode #fintech #nocode #bitcoin #cybersecurity #cybersecurite #metaverse #NFTs #web3 https://t.co/U65NAmwQMz",fr,1541499111643430915,2022-06-27T19:10:02.000Z,1273173749492219905
88,"Les s√©nateurs communistes veulent l‚Äôabrogation de la loi sur la s√©curit√© globale
https://t.co/96J5lcqzOn

#cryptocurrencies #MachineLearning #AI #Python #DeepLearning #100DaysOfCode #fintech #nocode #bitcoin #cybersecurity #cybersecurite #metaverse #NFTs #web3 https://t.co/smDOn0gRIi",fr,1541499111517609987,2022-06-27T19:10:02.000Z,1273173749492219905
89,"Harris Corner Detector With scikit-image

#Python #pythonlearning #DataAnalytics #Python3 #databases #MachineLearning #DataScience #AI #databases #Deeplearning #BigData #Analytics #DataScientist #Programming #Coding #100DaysofCode #Data #pythoncode #interview #JobSearch https://t.co/e3Ee76ypTJ",en,1541498985826766848,2022-06-27T19:09:32.000Z,2588345408
90,"#MachineLearning Learning Curve

#Python #pythonlearning #DataAnalytics #Python3 #databases #DataScience #AI #databases #Deeplearning #BigData #Analytics #DataScientist #Programming #Coding #100DaysofCode #Data #pythoncode #interview #JobSearch #ArtificialIntelligence https://t.co/9o07VGGCeG",en,1541498912942354432,2022-06-27T19:09:15.000Z,2588345408
91,"#MachineLearning Model

#Python #pythonlearning #DataAnalytics #Python3 #databases #DataScience #AI #databases #Deeplearning #BigData #Analytics #DataScientist #Programming #Coding #100DaysofCode #Data #pythoncode #interview #JobSearch #ArtificialIntelligence https://t.co/FfadRcWI01",ca,1541498809997348864,2022-06-27T19:08:50.000Z,2588345408
92,Frontend vs Backend #MachineLearning #DataScience #SQL #Cybersecurity #BigData #Analytics #AI #IIoT #Python #RStats #TensorFlow #JavaScript #ReactJS #CloudComputing #Serverless #DataScientist #Linux #Programming #Coding #100DaysofCode #NodeJS #golang #NLP #GitHub  #100DaysOfCode https://t.co/fiuDWi22j7,en,1541498757959020544,2022-06-27T19:08:38.000Z,1488943006560710656
93,"Handling Missing Data in #MachineLearning

#Python #pythonlearning #DataAnalytics #Python3 #databases #DataScience #AI #databases #Deeplearning #BigData #Analytics #DataScientist #Programming #Coding #100DaysofCode #Data #pythoncode #interview #JobSearch #ArtificialIntelligence https://t.co/yXFQ4xaWSP",en,1541498676752723968,2022-06-27T19:08:18.000Z,2588345408
94,"#DataScience Landscape

#Python #pythonlearning #DataAnalytics #Python3 #databases #MachineLearning #AI #databases #Deeplearning #BigData #Analytics #DataScientist #Programming #Coding #100DaysofCode #Data #pythoncode #interview #JobSearch #ArtificialIntelligence #100DaysOfMLCode https://t.co/5U1jKjBdke",en,1541498565255516160,2022-06-27T19:07:52.000Z,2588345408
95,"SENTENCIAS DE CONTROL permiten modificar el flujo de ejecuci√≥n de las instrucciones de un programa.
Day 16 of #100DaysOfCode #CodeNewbie #webdesign #frontenddeveloper #frontenddevelopment #javascript #python  #webdevelopment #webdeveloper #happycoding #programming #coding https://t.co/GExd5g1Jey",es,1541498405528244224,2022-06-27T19:07:14.000Z,1455383442590294017
96,Day 39 - 46 Slow progress. Started data visualisation and I am enjoying it. Hoping the project will be a fun one! #100DaysOfCode #DataAnalyst #Python #Pandas,en,1541497669331390467,2022-06-27T19:04:18.000Z,824218434
97,"#weed #beuh #shitüî•dispo 
üçÉSnapüëªdiablo_verte
üìûT√©l√©gram:https://t.co/JXaAMGUVRc
#AIEthics #MachineLearning #Python #DeepLearning #IoT #100DaysOfCode #fintech #Muret #Armenti√®res #LesUlis #Laon #CormeillesenParisis #PetitBourg #Libourne #SaintOuenlAum√¥ne #Rodez #Eysines https://t.co/Fx4Vceal5a",fr,1541497486933692416,2022-06-27T19:03:35.000Z,1541401522407456771
98,"Setting up and Using a Python Virtual Environment
{ by @dev_neil_a } from @hashnode

#python #pythonbeginner #100daysofcode #linux #vscode https://t.co/XPmCNjjN8F",en,1541496995319320584,2022-06-27T19:01:37.000Z,1453438585672290309
99,"Day 99.3 | #100DaysOfCode

Today was spent doing more testing in #Python with pytest and publishing a blog post. I'll be looking to finish that tomorrow and move onto CI / CD on Wednesday.

At that point, that will be the end of 100 days of code and I'll move onto something else.",en,1541496992957874177,2022-06-27T19:01:37.000Z,1453438585672290309
